CUSTOMER ID,CITY,STATE,SERVICE HISTORY,COMMON PROBLEM,SOLUTION USED,VEHICAL COMPANY,MANUFACTURE_YEAR
1,Ananthapuram,Andhra Pradesh,Oil Change; Brake Repair,Brake noise,Brake pad replacement, Maruti Suzuki,2014
2,Ananthapuram,Andhra Pradesh,Engine Repair; Tire Rotation,Engine overheating,Radiator replacement, Hyundai,2023
3,Ananthapuram,Andhra Pradesh,Bodywork; Paint Job,Dents and scratches,Body repair and repaint,Tata Motors,2025
4,Ananthapuram,Andhra Pradesh,Oil Change; General Maintenance,Oil leak,Oil seal replacement,Mahindra & Mahindra,2003
5,Ananthapuram,Andhra Pradesh,Tire Alignment; Engine Repair,Misaligned wheels,Wheel alignment,Honda,2024
6,Ananthapuram,Andhra Pradesh,Check Engine Light; Diagnostics,Check engine light,Diagnostic scan and repairs,Toyota,2015
7,Ananthapuram,Andhra Pradesh,Brake Service; Oil Change,Brake fluid leak,Brake fluid replacement, Ford,2018
8,Ananthapuram,Andhra Pradesh,Exhaust Repair; General Maintenance,Exhaust leak,Exhaust system repair,Nissan,2025
9,Ananthapuram,Andhra Pradesh,Transmission Service; Brake Fluid Change,Slipping transmission,Transmission fluid change,Volkswagen,2004
10,Ananthapuram,Andhra Pradesh,Body Repair; Tire Replacement,Body damage,Body repair,Renault,2025
11,Ananthapuram,Andhra Pradesh,Oil Change; Brake Inspection,Brake noise,Brake pad replacement,Hero MotoCorp,2008
12,Ananthapuram,Andhra Pradesh,Engine Diagnostics; Tune-Up,Engine misfiring,Spark plug replacement,Ford,2002
13,Ananthapuram,Andhra Pradesh,Suspension Repair; Brake Service,Steering issues,Suspension adjustment, Audi,2020
14,Ananthapuram,Andhra Pradesh,Tire Rotation; General Maintenance,Tire wear,Tire rotation and balancing,Skoda,2007
15,Ananthapuram,Andhra Pradesh,Transmission Fluid Change; Engine Repair,Transmission issues,Transmission service,Kia,2021
16,Ananthapuram,Andhra Pradesh,Brake Inspection; Diagnostics,Brake wear,Brake replacement,Bajaj Auto,2024
17,Ananthapuram,Andhra Pradesh,Oil Change; Tire Alignment,Misaligned wheels,Wheel alignment,Hero MotoCorp,2011
18,Ananthapuram,Andhra Pradesh,Exhaust Leak; General Maintenance,Exhaust noise,Exhaust system repair, TVS Motor Company,2002
19,Ananthapuram,Andhra Pradesh,Check Engine Light; Brake Fluid Change,Check engine light,Diagnostic scan,Royal Enfield,2001
20,Ananthapuram,Andhra Pradesh,Tire Replacement; Oil Change,Poor fuel economy,Fuel system cleaning, Honda (Motorcycle),2006
21,Ananthapuram,Andhra Pradesh,Fluid Leak; Tire Rotation,Fluid leak,Fluid replacement,Yamaha,2025
22,Ananthapuram,Andhra Pradesh,Engine Overheating; Diagnostics,Engine overheating,Cooling system flush,Suzuki (Motorcycle),2014
23,Ananthapuram,Andhra Pradesh,Transmission Repair; Brake Service,Transmission slipping,Transmission fluid change,Kia,2024
24,Ananthapuram,Andhra Pradesh,Oil Change; Battery Replacement,Dead battery,Battery replacement,Kia,2009
25,Ananthapuram,Andhra Pradesh,Tire Alignment; General Maintenance,Misaligned tires,Tire alignment, Tata Motors,2017
26,Ananthapuram,Andhra Pradesh,Brake Inspection; Oil Change,Brake noise,Brake pad replacement,Maruti Suzuki,2015
27,Ananthapuram,Andhra Pradesh,Engine Diagnostics; Tune-Up,Engine misfiring,Spark plug replacement, Ford,2006
28,Ananthapuram,Andhra Pradesh,Suspension Repair; Brake Service,Steering issues,Suspension adjustment, Honda,2018
29,Ananthapuram,Andhra Pradesh,Tire Rotation; General Maintenance,Tire wear,Tire rotation and balancing,Toyota,2011
30,Ananthapuram,Andhra Pradesh,Transmission Fluid Change; Engine Repair,Transmission issues,Transmission service,Mahindra & Mahindra,2011
31,Ananthapuram,Andhra Pradesh,Brake Inspection; Diagnostics,Brake wear,Brake replacement,Nissan,2025
32,Ananthapuram,Andhra Pradesh,Oil Change; Tire Alignment,Misaligned wheels,Wheel alignment, Volkswagen,2009
33,Ananthapuram,Andhra Pradesh,Exhaust Leak; General Maintenance,Exhaust noise,Exhaust system repair,Renault,2016
34,Ananthapuram,Andhra Pradesh,Check Engine Light; Brake Fluid Change,Check engine light,Diagnostic scan, Hyundai,2023
35,Ananthapuram,Andhra Pradesh,Tire Replacement; Oil Change,Poor fuel economy,Fuel system cleaning, Bajaj Auto,2004
36,Ananthapuram,Andhra Pradesh,Fluid Leak; Tire Rotation,Fluid leak,Fluid replacement,TVS Motor Company,2001
37,Ananthapuram,Andhra Pradesh,Engine Overheating; Diagnostics,Engine overheating,Cooling system flush, Hero MotoCorp,2004
38,Ananthapuram,Andhra Pradesh,Transmission Repair; Brake Service,Transmission slipping,Transmission fluid change,Toyota,2013
39,Ananthapuram,Andhra Pradesh,Oil Change; Battery Inspection,Dead battery,Battery replacement, Hyundai,2009
40,Ananthapuram,Andhra Pradesh,Tire Alignment; General Maintenance,Tire wear,Tire rotation, Honda,2021
41,Ananthapuram,Andhra Pradesh,Brake Repair; Oil Change,Brake squeal,Brake pad replacement,Tvs,2025
42,Ananthapuram,Andhra Pradesh,Engine Check; Suspension Repair,Steering issues,Suspension adjustment, Kia,2024
43,Ananthapuram,Andhra Pradesh,Exhaust Repair; Brake Service,Exhaust noise,Exhaust system repair, Tata Motors,2009
44,Ananthapuram,Andhra Pradesh,Transmission Service; Oil Change,Slipping transmission,Transmission fluid change,Maruti Suzuki,2000
45,Ananthapuram,Andhra Pradesh,Fluid Check; Tire Replacement,Poor fuel economy,Fuel system cleaning,Honda,2005
46,Ananthapuram,Andhra Pradesh,Check Engine Light; General Maintenance,Check engine light,Diagnostic scan,Royal Enfield,2002
47,Ananthapuram,Andhra Pradesh,Brake Fluid Change; Engine Repair,Brake fluid leak,Brake fluid replacement, Yamaha,2019
48,Ananthapuram,Andhra Pradesh,Tire Alignment; Oil Change,Misaligned wheels,Wheel alignment, KTM,2022
49,Ananthapuram,Andhra Pradesh,Oil Change; Battery Replacement,Dead battery,Battery replacement,Suzuki (Motorcycle),2022
50,Ananthapuram,Andhra Pradesh,Engine Diagnostics; Tire Rotation,Engine misfiring,Spark plug replacement,Tvs ,2021
51,Ananthapuram,Andhra Pradesh,Brake Inspection; General Maintenance,Brake noise,Brake pad replacement, Ford,2008
52,Ananthapuram,Andhra Pradesh,Exhaust Leak; Oil Change,Exhaust noise,Exhaust system repair,Mahindra & Mahindra,2021
53,Ananthapuram,Andhra Pradesh,Transmission Repair; Brake Fluid Change,Transmission slipping,Transmission fluid change, Nissan,2003
54,Ananthapuram,Andhra Pradesh,Oil Change; Battery Check,Dead battery,Battery replacement,Volkswagen,2001
55,Ananthapuram,Andhra Pradesh,Fluid Leak; Tire Alignment,Fluid leak,Fluid replacement, Hyundai,2024
56,Ananthapuram,Andhra Pradesh,Suspension Repair; Engine Check,Steering issues,Suspension adjustment,Toyota,2021
57,Ananthapuram,Andhra Pradesh,Brake Service; General Maintenance,Brake wear,Brake replacement, Bajaj Auto,2002
58,Ananthapuram,Andhra Pradesh,Exhaust Repair; Oil Change,Exhaust noise,Exhaust system repair,TVS Motor Company,2016
59,Ananthapuram,Andhra Pradesh,"Oil Change, Brake Inspection",Engine overheating,Check coolant level; flush radiator; replace thermostat., Hero Motocrop,2003
60,Ananthapuram,Andhra Pradesh,"Tire Rotation, Brake Replacement",Brakes making noise,Inspect pads/rotors; replace if worn., Mercedes-Benz,2013
61, Ananthapuram, Andhra Pradesh, Transmission Service; Diagnostics, Transmission slipping, Transmission fluid change, Tata Motors,2003
62, Ananthapuram, Andhra Pradesh, Tire Replacement; Oil Change, Poor fuel economy, Fuel system cleaning, Ford,2011
63, Ananthapuram, Andhra Pradesh, Exhaust Repair; Brake Service, Exhaust noise, Exhaust system repair, Hyundai,2001
64, Ananthapuram, Andhra Pradesh, Brake Inspection; Tire Rotation, Misaligned wheels, Wheel alignment, Nissan,2010
65, Ananthapuram, Andhra Pradesh, General Maintenance; Engine Check, Engine misfiring, Spark plug replacement, Volkswagen,2005
66, Ananthapuram, Andhra Pradesh, Suspension Repair; Oil Change, Steering issues, Suspension adjustment, Kia,2014
67, Ananthapuram, Andhra Pradesh, Engine Repair; Tire Alignment, Misaligned tires, Tire alignment, Toyota,2016
68, Ananthapuram, Andhra Pradesh, Battery Replacement; General Maintenance, Dead battery, Battery replacement, Hero MotoCorp,2008
69, Ananthapuram, Andhra Pradesh, Exhaust Leak; Diagnostics, Exhaust leak, Exhaust system repair, Bajaj Auto,2009
70, Ananthapuram, Andhra Pradesh, Oil Change; Brake Fluid Change, Brake fluid leak, Brake fluid replacement, Mahindra,2019
71, Ananthapuram, Andhra Pradesh, Tire Alignment; General Maintenance, Tire wear, Tire rotation and balancing, Renault,2016
72, Ananthapuram, Andhra Pradesh, Engine Overheating; Tune-Up, Engine overheating, Cooling system flush, Audi,2015
73, Ananthapuram, Andhra Pradesh, Brake Repair; Tire Replacement, Body damage, Body repair, Volkswagen,2021
74, Ananthapuram, Andhra Pradesh, Fluid Leak; Oil Change, Fluid leak, Fluid replacement, TVS Motor Company,2009
75, Ananthapuram, Andhra Pradesh, General Maintenance; Engine Diagnostics, Check engine light, Diagnostic scan, Hero MotoCorp,2017
76, Ananthapuram, Andhra Pradesh, Brake Service; Oil Change, Brake wear, Brake replacement, Hyundai,2010
77, Ananthapuram, Andhra Pradesh, Tire Replacement; Engine Check, Tire wear, Tire rotation and balancing, Bajaj Auto,2025
78, Ananthapuram, Andhra Pradesh, Exhaust Repair; Brake Fluid Change, Exhaust noise, Exhaust system repair, Ford,2016
79, Ananthapuram, Andhra Pradesh, Oil Change; Brake Inspection, Brake noise, Brake pad replacement, Maruti Suzuki,2011
80, Ananthapuram, Andhra Pradesh, Engine Repair; Diagnostics, Engine misfire, Diagnostic scan, Nissan,2002
81, Ananthapuram, Andhra Pradesh, Tire Rotation; Brake Service, Tire wear, Tire rotation and balancing, Hyundai,2022
82, Ananthapuram, Andhra Pradesh, Fluid Check; Oil Change, Low oil, Oil replacement, Ford,2003
83, Ananthapuram, Andhra Pradesh, Brake Inspection; General Maintenance, Brake noise, Brake pad replacement, Mahindra,2003
84, Ananthapuram, Andhra Pradesh, Engine Diagnostics; Tune-Up, Engine roughness, Spark plug replacement, Toyota,2017
85, Ananthapuram, Andhra Pradesh, Transmission Fluid Change; Brake Service, Slipping transmission, Transmission fluid change, Volkswagen,2014
86, Ananthapuram, Andhra Pradesh, General Maintenance; Tire Inspection, Tire wear, Tire rotation, Audi,2011
87, Ananthapuram, Andhra Pradesh, Oil Change; Brake Fluid Change, Brake fluid leak, Brake fluid replacement, Tata Motors,2024
88, Ananthapuram, Andhra Pradesh, Exhaust Repair; Engine Check, Exhaust noise, Exhaust system repair, Bajaj Auto,2023
89, Ananthapuram, Andhra Pradesh, Battery Inspection; General Maintenance, Dead battery, Battery replacement, Hero MotoCorp,2006
90, Ananthapuram, Andhra Pradesh, Fluid Leak; Tire Rotation, Fluid leak, Fluid replacement, TVS Motor Company,2012
91, Ananthapuram, Andhra Pradesh, Engine Repair; Brake Service, Engine overheating, Cooling system flush, Hyundai,2023
92, Ananthapuram, Andhra Pradesh, Brake Inspection; Oil Change, Brake noise, Brake pad replacement, Ford,2025
93, Ananthapuram, Andhra Pradesh, Tire Replacement; Diagnostics, Tire damage, Tire replacement, Tata Motors,2008
94, Ananthapuram, Andhra Pradesh, General Maintenance; Engine Repair, Engine misfiring, Spark plug replacement, Nissan,2015
95, Ananthapuram, Andhra Pradesh, Suspension Repair; Oil Change, Steering issues, Suspension adjustment, Kia,2005
96, Ananthapuram, Andhra Pradesh, Brake Service; Tire Inspection, Brake wear, Brake pad replacement, Hero MotoCorp,2020
97, Ananthapuram, Andhra Pradesh, Fluid Check; Engine Diagnostics, Fluid leak, Fluid replacement, Volkswagen,2020
98, Ananthapuram, Andhra Pradesh, Tire Alignment; Brake Inspection, Misaligned tires, Tire alignment, Mahindra,2012
99, Ananthapuram, Andhra Pradesh, Exhaust Leak; General Maintenance, Exhaust noise, Exhaust system repair, Toyota,2015
100, Ananthapuram, Andhra Pradesh, Brake Repair; Oil Change, Brake noise, Brake pad replacement, Audi,2014
101, Ananthapuram, Andhra Pradesh, Oil Change; Brake Repair, Brake noise, Brake pad replacement, Honda,2014
102, Ananthapuram, Andhra Pradesh, Transmission Service; Diagnostics, Transmission slipping, Transmission fluid change, Tata Motors,2014
103, Ananthapuram, Andhra Pradesh, Tire Replacement; Oil Change, Poor fuel economy, Fuel system cleaning, Ford,2011
104, Ananthapuram, Andhra Pradesh, Exhaust Repair; Brake Service, Exhaust noise, Exhaust system repair, Hyundai,2014
105, Ananthapuram, Andhra Pradesh, Brake Inspection; Tire Rotation, Misaligned wheels, Wheel alignment, Nissan,2024
106, Ananthapuram, Andhra Pradesh, General Maintenance; Engine Check, Engine misfiring, Spark plug replacement, Volkswagen,2005
107, Ananthapuram, Andhra Pradesh, Suspension Repair; Oil Change, Steering issues, Suspension adjustment, Kia,2003
108, Ananthapuram, Andhra Pradesh, Engine Repair; Tire Alignment, Misaligned tires, Tire alignment, Toyota,2010
109, Ananthapuram, Andhra Pradesh, Battery Replacement; General Maintenance, Dead battery, Battery replacement, Hero MotoCorp,2014
110, Ananthapuram, Andhra Pradesh, Exhaust Leak; Diagnostics, Exhaust leak, Exhaust system repair, Bajaj Auto,2007
111, Ananthapuram, Andhra Pradesh, Oil Change; Brake Fluid Change, Brake fluid leak, Brake fluid replacement, Mahindra,2000
112, Ananthapuram, Andhra Pradesh, Tire Alignment; General Maintenance, Tire wear, Tire rotation and balancing, Renault,2002
113, Ananthapuram, Andhra Pradesh, Engine Overheating; Tune-Up, Engine overheating, Cooling system flush, Audi,2007
114, Ananthapuram, Andhra Pradesh, Brake Repair; Tire Replacement, Body damage, Body repair, Volkswagen,2000
115, Ananthapuram, Andhra Pradesh, Fluid Leak; Oil Change, Fluid leak, Fluid replacement, TVS Motor Company,2008
116, Ananthapuram, Andhra Pradesh, General Maintenance; Engine Diagnostics, Check engine light, Diagnostic scan, Hero MotoCorp,2006
117, Ananthapuram, Andhra Pradesh, Brake Service; Oil Change, Brake wear, Brake replacement, Hyundai,2006
118, Ananthapuram, Andhra Pradesh, Tire Replacement; Engine Check, Tire wear, Tire rotation and balancing, Bajaj Auto,2012
119, Ananthapuram, Andhra Pradesh, Exhaust Repair; Brake Fluid Change, Exhaust noise, Exhaust system repair, Ford,2018
120, Ananthapuram, Andhra Pradesh, Oil Change; Brake Inspection, Brake noise, Brake pad replacement, Maruti Suzuki,2013
121, Ananthapuram, Andhra Pradesh, Engine Repair; Diagnostics, Engine misfire, Diagnostic scan, Nissan,2018
122, Ananthapuram, Andhra Pradesh, Tire Rotation; Brake Service, Tire wear, Tire rotation and balancing, Hyundai,2024
123, Ananthapuram, Andhra Pradesh, Fluid Check; Oil Change, Low oil, Oil replacement, Ford,2024
124, Ananthapuram, Andhra Pradesh, Brake Inspection; General Maintenance, Brake noise, Brake pad replacement, Mahindra,2008
125, Ananthapuram, Andhra Pradesh, Engine Diagnostics; Tune-Up, Engine roughness, Spark plug replacement, Toyota,2001
126, Ananthapuram, Andhra Pradesh, Transmission Fluid Change; Brake Service, Slipping transmission, Transmission fluid change, Volkswagen,2007
127, Ananthapuram, Andhra Pradesh, General Maintenance; Tire Inspection, Tire wear, Tire rotation, Audi,2011
128, Ananthapuram, Andhra Pradesh, Oil Change; Brake Fluid Change, Brake fluid leak, Brake fluid replacement, Tata Motors,2004
129, Ananthapuram, Andhra Pradesh, Exhaust Repair; Engine Check, Exhaust noise, Exhaust system repair, Bajaj Auto,2022
130, Ananthapuram, Andhra Pradesh, Battery Inspection; General Maintenance, Dead battery, Battery replacement, Hero MotoCorp,2003
131, Ananthapuram, Andhra Pradesh, Fluid Leak; Tire Rotation, Fluid leak, Fluid replacement, TVS Motor Company,2023
132, Ananthapuram, Andhra Pradesh, Engine Repair; Brake Service, Engine overheating, Cooling system flush, Hyundai,2000
133, Ananthapuram, Andhra Pradesh, Brake Inspection; Oil Change, Brake noise, Brake pad replacement, Ford,2002
134, Ananthapuram, Andhra Pradesh, Tire Replacement; Diagnostics, Tire damage, Tire replacement, Tata Motors,2013
135, Ananthapuram, Andhra Pradesh, General Maintenance; Engine Repair, Engine misfiring, Spark plug replacement, Nissan,2003
136, Ananthapuram, Andhra Pradesh, Suspension Repair; Oil Change, Steering issues, Suspension adjustment, Kia,2010
137, Ananthapuram, Andhra Pradesh, Brake Service; Tire Inspection, Brake wear, Brake pad replacement, Hero MotoCorp,2024
138, Ananthapuram, Andhra Pradesh, Fluid Check; Engine Diagnostics, Fluid leak, Fluid replacement, Volkswagen,2013
139, Ananthapuram, Andhra Pradesh, Tire Alignment; Brake Inspection, Misaligned tires, Tire alignment, Mahindra,2015
140, Ananthapuram, Andhra Pradesh, Exhaust Leak; General Maintenance, Exhaust noise, Exhaust system repair, Toyota,2002
141, Ananthapuram, Andhra Pradesh, Brake Repair; Oil Change, Brake noise, Brake pad replacement, Audi,2012
142, Ananthapuram, Andhra Pradesh, Oil Change; Brake Repair, Brake noise, Brake pad replacement, Honda,2021
143, Ananthapuram, Andhra Pradesh, Transmission Service; Diagnostics, Transmission slipping, Transmission fluid change, Tata Motors,2025
144, Ananthapuram, Andhra Pradesh, Tire Replacement; Oil Change, Poor fuel economy, Fuel system cleaning, Ford,2007
145, Ananthapuram, Andhra Pradesh, Exhaust Repair; Brake Service, Exhaust noise, Exhaust system repair, Hyundai,2024
146, Ananthapuram, Andhra Pradesh, Brake Inspection; Tire Rotation, Misaligned wheels, Wheel alignment, Nissan,2011
147, Ananthapuram, Andhra Pradesh, General Maintenance; Engine Check, Engine misfiring, Spark plug replacement, Volkswagen,2024
148, Ananthapuram, Andhra Pradesh, Suspension Repair; Oil Change, Steering issues, Suspension adjustment, Kia,2020
149, Ananthapuram, Andhra Pradesh, Engine Repair; Tire Alignment, Misaligned tires, Tire alignment, Toyota,2002
150, Ananthapuram, Andhra Pradesh, Battery Replacement; General Maintenance, Dead battery, Battery replacement, Hero MotoCorp,2012
151, Ananthapuram, Andhra Pradesh, Exhaust Leak; Diagnostics, Exhaust leak, Exhaust system repair, Bajaj Auto,2005
152, Ananthapuram, Andhra Pradesh, Oil Change; Brake Fluid Change, Brake fluid leak, Brake fluid replacement, Mahindra,2017
153, Ananthapuram, Andhra Pradesh, Tire Alignment; General Maintenance, Tire wear, Tire rotation and balancing, Renault,2012
154, Ananthapuram, Andhra Pradesh, Engine Overheating; Tune-Up, Engine overheating, Cooling system flush, Audi,2004
155, Ananthapuram, Andhra Pradesh, Brake Repair; Tire Replacement, Body damage, Body repair, Volkswagen,2012
156, Ananthapuram, Andhra Pradesh, Fluid Leak; Oil Change, Fluid leak, Fluid replacement, TVS Motor Company,2011
157, Ananthapuram, Andhra Pradesh, General Maintenance; Engine Diagnostics, Check engine light, Diagnostic scan, Hero MotoCorp,2014
158, Ananthapuram, Andhra Pradesh, Brake Service; Oil Change, Brake wear, Brake replacement, Hyundai,2017
159, Ananthapuram, Andhra Pradesh, Tire Replacement; Engine Check, Tire wear, Tire rotation and balancing, Bajaj Auto,2023
160, Ananthapuram, Andhra Pradesh, Exhaust Repair; Brake Fluid Change, Exhaust noise, Exhaust system repair, Ford,2009
161, Ananthapuram, Andhra Pradesh, Oil Change; Brake Inspection, Brake noise, Brake pad replacement, Maruti Suzuki,2021
162, Ananthapuram, Andhra Pradesh, Engine Repair; Diagnostics, Engine misfire, Diagnostic scan, Nissan,2017
163, Ananthapuram, Andhra Pradesh, Tire Rotation; Brake Service, Tire wear, Tire rotation and balancing, Hyundai,2013
164, Ananthapuram, Andhra Pradesh, Fluid Check; Oil Change, Low oil, Oil replacement, Ford,2015
165, Ananthapuram, Andhra Pradesh, Brake Inspection; General Maintenance, Brake noise, Brake pad replacement, Mahindra,2016
166, Ananthapuram, Andhra Pradesh, Engine Diagnostics; Tune-Up, Engine roughness, Spark plug replacement, Toyota,2007
167, Ananthapuram, Andhra Pradesh, Transmission Fluid Change; Brake Service, Slipping transmission, Transmission fluid change, Volkswagen,2001
168, Ananthapuram, Andhra Pradesh, General Maintenance; Tire Inspection, Tire wear, Tire rotation, Audi,2013
169, Ananthapuram, Andhra Pradesh, Oil Change; Brake Fluid Change, Brake fluid leak, Brake fluid replacement, Tata Motors,2019
170, Ananthapuram, Andhra Pradesh, Exhaust Repair; Engine Check, Exhaust noise, Exhaust system repair, Bajaj Auto,2005
171, Ananthapuram, Andhra Pradesh, Battery Inspection; General Maintenance, Dead battery, Battery replacement, Hero MotoCorp,2005
172, Ananthapuram, Andhra Pradesh, Fluid Leak; Tire Rotation, Fluid leak, Fluid replacement, TVS Motor Company,2018
173, Ananthapuram, Andhra Pradesh, Engine Repair; Brake Service, Engine overheating, Cooling system flush, Hyundai,2005
174, Ananthapuram, Andhra Pradesh, Brake Inspection; Oil Change, Brake noise, Brake pad replacement, Ford,2008
175, Ananthapuram, Andhra Pradesh, Tire Replacement; Diagnostics, Tire damage, Tire replacement, Tata Motors,2003
176, Ananthapuram, Andhra Pradesh, General Maintenance; Engine Repair, Engine misfiring, Spark plug replacement, Nissan,2009
177, Ananthapuram, Andhra Pradesh, Suspension Repair; Oil Change, Steering issues, Suspension adjustment, Kia,2012
178, Ananthapuram, Andhra Pradesh, Brake Service; Tire Inspection, Brake wear, Brake pad replacement, Hero MotoCorp,2018
179, Ananthapuram, Andhra Pradesh, Fluid Check; Engine Diagnostics, Fluid leak, Fluid replacement, Volkswagen,2007
180, Ananthapuram, Andhra Pradesh, Tire Alignment; Brake Inspection, Misaligned tires, Tire alignment, Mahindra,2015
181, Ananthapuram, Andhra Pradesh, Exhaust Leak; General Maintenance, Exhaust noise, Exhaust system repair, Toyota,2012
182, Ananthapuram, Andhra Pradesh, Brake Repair; Oil Change, Brake noise, Brake pad replacement, Audi,2005
183, Ananthapuram, Andhra Pradesh, Oil Change; Brake Repair, Brake noise, Brake pad replacement, Honda,2014
184, Ananthapuram, Andhra Pradesh, Transmission Service; Diagnostics, Transmission slipping, Transmission fluid change, Tata Motors,2015
185, Ananthapuram, Andhra Pradesh, Tire Replacement; Oil Change, Poor fuel economy, Fuel system cleaning, Ford,2004
186, Ananthapuram, Andhra Pradesh, Exhaust Repair; Brake Service, Exhaust noise, Exhaust system repair, Hyundai,2025
187, Ananthapuram, Andhra Pradesh, Brake Inspection; Tire Rotation, Misaligned wheels, Wheel alignment, Nissan,2023
188, Ananthapuram, Andhra Pradesh, General Maintenance; Engine Check, Engine misfiring, Spark plug replacement, Volkswagen,2012
189, Ananthapuram, Andhra Pradesh, Suspension Repair; Oil Change, Steering issues, Suspension adjustment, Kia,2022
190, Ananthapuram, Andhra Pradesh, Engine Repair; Tire Alignment, Misaligned tires, Tire alignment, Toyota,2022
191, Ananthapuram, Andhra Pradesh, Battery Replacement; General Maintenance, Dead battery, Battery replacement, Hero MotoCorp,2014
192, Ananthapuram, Andhra Pradesh, Exhaust Leak; Diagnostics, Exhaust leak, Exhaust system repair, Bajaj Auto,2010
193, Ananthapuram, Andhra Pradesh, Oil Change; Brake Fluid Change, Brake fluid leak, Brake fluid replacement, Mahindra,2025
194, Ananthapuram, Andhra Pradesh, Tire Alignment; General Maintenance, Tire wear, Tire rotation and balancing, Renault,2013
195, Ananthapuram, Andhra Pradesh, Engine Overheating; Tune-Up, Engine overheating, Cooling system flush, Audi,2021
196, Ananthapuram, Andhra Pradesh, Brake Repair; Tire Replacement, Body damage, Body repair, Volkswagen,2003
197, Ananthapuram, Andhra Pradesh, Fluid Leak; Oil Change, Fluid leak, Fluid replacement, TVS Motor Company,2025
198, Ananthapuram, Andhra Pradesh, General Maintenance; Engine Diagnostics, Check engine light, Diagnostic scan, Hero MotoCorp,2018
199, Ananthapuram, Andhra Pradesh, Brake Service; Oil Change, Brake wear, Brake replacement, Hyundai,2002
200, Ananthapuram, Andhra Pradesh, Tire Replacement; Engine Check, Tire wear, Tire rotation and balancing, Bajaj Auto,2016
201, Ananthapuram, Andhra Pradesh, Exhaust Repair; Brake Fluid Change, Exhaust noise, Exhaust system repair, Ford,2025
202, Ananthapuram, Andhra Pradesh, Oil Change; Brake Inspection, Brake noise, Brake pad replacement, Maruti Suzuki,2005
203, Ananthapuram, Andhra Pradesh, Engine Repair; Diagnostics, Engine misfire, Diagnostic scan, Nissan,2010
204, Ananthapuram, Andhra Pradesh, Tire Rotation; Brake Service, Tire wear, Tire rotation and balancing, Hyundai,2010
205, Ananthapuram, Andhra Pradesh, Fluid Check; Oil Change, Low oil, Oil replacement, Ford,2014
206, Ananthapuram, Andhra Pradesh, Brake Inspection; General Maintenance, Brake noise, Brake pad replacement, Mahindra,2024
207, Ananthapuram, Andhra Pradesh, Engine Diagnostics; Tune-Up, Engine roughness, Spark plug replacement, Toyota,2022
208, Ananthapuram, Andhra Pradesh, Transmission Fluid Change; Brake Service, Slipping transmission, Transmission fluid change, Volkswagen,2019
209, Ananthapuram, Andhra Pradesh, General Maintenance; Tire Inspection, Tire wear, Tire rotation, Audi,2004
210, Ananthapuram, Andhra Pradesh, Oil Change; Brake Fluid Change, Brake fluid leak, Brake fluid replacement, Tata Motors,2001
211, Ananthapuram, Andhra Pradesh, Exhaust Repair; Engine Check, Exhaust noise, Exhaust system repair, Bajaj Auto,2007
212, Ananthapuram, Andhra Pradesh, Battery Inspection; General Maintenance, Dead battery, Battery replacement, Hero MotoCorp,2002
213, Ananthapuram, Andhra Pradesh, Fluid Leak; Tire Rotation, Fluid leak, Fluid replacement, TVS Motor Company,2011
214, Ananthapuram, Andhra Pradesh, Engine Repair; Brake Service, Engine overheating, Cooling system flush, Hyundai,2020
215, Ananthapuram, Andhra Pradesh, Brake Inspection; Oil Change, Brake noise, Brake pad replacement, Ford,2013
216, Ananthapuram, Andhra Pradesh, Tire Replacement; Diagnostics, Tire damage, Tire replacement, Tata Motors,2001
217, Ananthapuram, Andhra Pradesh, General Maintenance; Engine Repair, Engine misfiring, Spark plug replacement, Nissan,2009
218, Ananthapuram, Andhra Pradesh, Suspension Repair; Oil Change, Steering issues, Suspension adjustment, Kia,2017
219, Ananthapuram, Andhra Pradesh, Brake Service; Tire Inspection, Brake wear, Brake pad replacement, Hero MotoCorp,2020
220, Ananthapuram, Andhra Pradesh, Fluid Check; Engine Diagnostics, Fluid leak, Fluid replacement, Volkswagen,2003
221, Ananthapuram, Andhra Pradesh, Tire Alignment; Brake Inspection, Misaligned tires, Tire alignment, Mahindra,2006
222, Ananthapuram, Andhra Pradesh, Exhaust Leak; General Maintenance, Exhaust noise, Exhaust system repair, Toyota,2000
223, Ananthapuram, Andhra Pradesh, Brake Repair; Oil Change, Brake noise, Brake pad replacement, Audi,2014
224, Ananthapuram, Andhra Pradesh, Oil Change; Brake Repair, Brake noise, Brake pad replacement, Honda,2016
225, Ananthapuram, Andhra Pradesh, Transmission Service; Diagnostics, Transmission slipping, Transmission fluid change, Tata Motors,2014
226, Ananthapuram, Andhra Pradesh, Tire Replacement; Oil Change, Poor fuel economy, Fuel system cleaning, Ford,2024
227, Ananthapuram, Andhra Pradesh, Exhaust Repair; Brake Service, Exhaust noise, Exhaust system repair, Hyundai,2005
228, Ananthapuram, Andhra Pradesh, Brake Inspection; Tire Rotation, Misaligned wheels, Wheel alignment, Nissan,2017
229, Ananthapuram, Andhra Pradesh, General Maintenance; Engine Check, Engine misfiring, Spark plug replacement, Volkswagen,2025
230, Ananthapuram, Andhra Pradesh, Suspension Repair; Oil Change, Steering issues, Suspension adjustment, Kia,2017
231, Ananthapuram, Andhra Pradesh, Engine Repair; Tire Alignment, Misaligned tires, Tire alignment, Toyota,2025
232, Ananthapuram, Andhra Pradesh, Battery Replacement; General Maintenance, Dead battery, Battery replacement, Hero MotoCorp,2007
233, Ananthapuram, Andhra Pradesh, Exhaust Leak; Diagnostics, Exhaust leak, Exhaust system repair, Bajaj Auto,2002
234, Ananthapuram, Andhra Pradesh, Oil Change; Brake Fluid Change, Brake fluid leak, Brake fluid replacement, Mahindra,2001
235, Ananthapuram, Andhra Pradesh, Tire Alignment; General Maintenance, Tire wear, Tire rotation and balancing, Renault,2016
236, Ananthapuram, Andhra Pradesh, Engine Overheating; Tune-Up, Engine overheating, Cooling system flush, Audi,2013
237, Ananthapuram, Andhra Pradesh, Brake Repair; Tire Replacement, Body damage, Body repair, Volkswagen,2018
238, Ananthapuram, Andhra Pradesh, Fluid Leak; Oil Change, Fluid leak, Fluid replacement, TVS Motor Company,2017
239, Ananthapuram, Andhra Pradesh, General Maintenance; Engine Diagnostics, Check engine light, Diagnostic scan, Hero MotoCorp,2012
240, Ananthapuram, Andhra Pradesh, Brake Service; Oil Change, Brake wear, Brake replacement, Hyundai,2000
241, Ananthapuram, Andhra Pradesh, Tire Replacement; Engine Check, Tire wear, Tire rotation and balancing, Bajaj Auto,2007
242, Ananthapuram, Andhra Pradesh, Exhaust Repair; Brake Fluid Change, Exhaust noise, Exhaust system repair, Ford,2010
243, Ananthapuram, Andhra Pradesh, Oil Change; Brake Inspection, Brake noise, Brake pad replacement, Maruti Suzuki,2020
244, Ananthapuram, Andhra Pradesh, Engine Repair; Diagnostics, Engine misfire, Diagnostic scan, Nissan,2003
245, Ananthapuram, Andhra Pradesh, Tire Rotation; Brake Service, Tire wear, Tire rotation and balancing, Hyundai,2004
246, Ananthapuram, Andhra Pradesh, Fluid Check; Oil Change, Low oil, Oil replacement, Ford,2017
247, Ananthapuram, Andhra Pradesh, Brake Inspection; General Maintenance, Brake noise, Brake pad replacement, Mahindra,2018
248, Ananthapuram, Andhra Pradesh, Engine Diagnostics; Tune-Up, Engine roughness, Spark plug replacement, Toyota,2021
249, Ananthapuram, Andhra Pradesh, Transmission Fluid Change; Brake Service, Slipping transmission, Transmission fluid change, Volkswagen,2022
250, Ananthapuram, Andhra Pradesh, General Maintenance; Tire Inspection, Tire wear, Tire rotation, Audi,2008
251, Ananthapuram, Andhra Pradesh, Battery Replacement; General Maintenance, Dead battery, Battery replacement, Hero MotoCorp,2000
252, Ananthapuram, Andhra Pradesh, Exhaust Leak; Diagnostics, Exhaust leak, Exhaust system repair, Bajaj Auto,2000
253, Ananthapuram, Andhra Pradesh, Oil Change; Brake Fluid Change, Brake fluid leak, Brake fluid replacement, Mahindra,2001
254, Ananthapuram, Andhra Pradesh, Tire Alignment; General Maintenance, Tire wear, Tire rotation and balancing, Renault,2020
255, Ananthapuram, Andhra Pradesh, Engine Overheating; Tune-Up, Engine overheating, Cooling system flush, Audi,2015
256, Ananthapuram, Andhra Pradesh, Brake Repair; Tire Replacement, Body damage, Body repair, Volkswagen,2022
257, Ananthapuram, Andhra Pradesh, Fluid Leak; Oil Change, Fluid leak, Fluid replacement, TVS Motor Company,2024
258, Ananthapuram, Andhra Pradesh, General Maintenance; Engine Diagnostics, Check engine light, Diagnostic scan, Hero MotoCorp,2021
259, Ananthapuram, Andhra Pradesh, Brake Service; Oil Change, Brake wear, Brake replacement, Hyundai,2005
260, Ananthapuram, Andhra Pradesh, Tire Replacement; Engine Check, Tire wear, Tire rotation and balancing, Bajaj Auto,2024
261, Ananthapuram, Andhra Pradesh, Exhaust Repair; Brake Fluid Change, Exhaust noise, Exhaust system repair, Ford,2011
262, Ananthapuram, Andhra Pradesh, Oil Change; Brake Inspection, Brake noise, Brake pad replacement, Maruti Suzuki,2015
263, Ananthapuram, Andhra Pradesh, Engine Repair; Diagnostics, Engine misfire, Diagnostic scan, Nissan,2009
264, Ananthapuram, Andhra Pradesh, Tire Rotation; Brake Service, Tire wear, Tire rotation and balancing, Hyundai,2015
265, Ananthapuram, Andhra Pradesh, Fluid Check; Oil Change, Low oil, Oil replacement, Ford,2009
266, Ananthapuram, Andhra Pradesh, Brake Inspection; General Maintenance, Brake noise, Brake pad replacement, Mahindra,2004
267, Ananthapuram, Andhra Pradesh, Engine Diagnostics; Tune-Up, Engine roughness, Spark plug replacement, Toyota,2002
268, Ananthapuram, Andhra Pradesh, Transmission Fluid Change; Brake Service, Slipping transmission, Transmission fluid change, Volkswagen,2007
269, Ananthapuram, Andhra Pradesh, General Maintenance; Tire Inspection, Tire wear, Tire rotation, Audi,2011
270, Ananthapuram, Andhra Pradesh, Oil Change; Tire Alignment, Misaligned tires, Tire alignment, Hyundai,2008
271, Ananthapuram, Andhra Pradesh, Brake Repair; Engine Check, Brake noise, Brake pad replacement, Ford,2002
272, Ananthapuram, Andhra Pradesh, Transmission Repair; Oil Change, Slipping transmission, Transmission fluid change, Tata Motors,2016
273, Ananthapuram, Andhra Pradesh, Exhaust Leak; Tire Inspection, Exhaust noise, Exhaust system repair, Hero MotoCorp,2021
274, Ananthapuram, Andhra Pradesh, Fluid Leak; Brake Inspection, Fluid leak, Fluid replacement, Audi,2012
275, Ananthapuram, Andhra Pradesh, Engine Diagnostics; Oil Change, Engine misfire, Diagnostic scan, Volkswagen,2009
276, Ananthapuram, Andhra Pradesh, Suspension Repair; General Maintenance, Steering issues, Suspension adjustment, Tata Motors,2017
277, Ananthapuram, Andhra Pradesh, Tire Rotation; Brake Service, Tire wear, Tire rotation, Kia,2016
278, Ananthapuram, Andhra Pradesh, Brake Fluid Change; Oil Change, Brake fluid leak, Brake fluid replacement, Bajaj Auto,2009
279, Ananthapuram, Andhra Pradesh, Engine Check; Tire Replacement, Tire damage, Tire replacement, Hero MotoCorp,2005
280, Ananthapuram, Andhra Pradesh, Transmission Fluid Change; Diagnostics, Transmission slipping, Transmission fluid change, Hyundai,2002
281, Ananthapuram, Andhra Pradesh, Oil Change; Brake Repair, Brake noise, Brake pad replacement, Renault,2019
282, Ananthapuram, Andhra Pradesh, Fluid Check; General Maintenance, Fluid leak, Fluid replacement, Toyota,2016
283, Ananthapuram, Andhra Pradesh, Engine Overheating; Tune-Up, Engine overheating, Cooling system flush, Ford,2014
284, Ananthapuram, Andhra Pradesh, Tire Alignment; Brake Fluid Change, Misaligned tires, Tire alignment, Kia,2021
285, Ananthapuram, Andhra Pradesh, Exhaust Repair; Oil Change, Exhaust noise, Exhaust system repair, Honda,2007
286, Ananthapuram, Andhra Pradesh, Brake Inspection; Tire Rotation, Brake noise, Brake pad replacement, Bajaj Auto,2005
287, Ananthapuram, Andhra Pradesh, Engine Diagnostics; Oil Change, Check engine light, Diagnostic scan, Nissan,2017
288, Ananthapuram, Andhra Pradesh, Fluid Leak; Tire Replacement, Fluid leak, Fluid replacement, Tata Motors,2005
289, Ananthapuram, Andhra Pradesh, General Maintenance; Engine Repair, Engine roughness, Spark plug replacement, Hyundai,2007
290, Ananthapuram, Andhra Pradesh, Brake Repair; Oil Change, Brake noise, Brake pad replacement, Ford,2015
291, Ananthapuram, Andhra Pradesh, Tire Alignment; Brake Inspection, Misaligned wheels, Wheel alignment, Renault,2014
292, Ananthapuram, Andhra Pradesh, Suspension Repair; Tire Inspection, Steering issues, Suspension adjustment, Kia,2023
293, Ananthapuram, Andhra Pradesh, Exhaust Leak; General Maintenance, Exhaust noise, Exhaust system repair, Hyundai,2005
294, Ananthapuram, Andhra Pradesh, Engine Overheating; Tune-Up, Engine overheating, Cooling system flush, Volkswagen,2017
295, Ananthapuram, Andhra Pradesh, Oil Change; Tire Alignment, Misaligned tires, Tire alignment, Hyundai,2001
296, Ananthapuram, Andhra Pradesh, Brake Repair; Engine Check, Brake noise, Brake pad replacement, Ford,2009
297, Ananthapuram, Andhra Pradesh, Transmission Repair; Oil Change, Slipping transmission, Transmission fluid change, Tata Motors,2011
298, Ananthapuram, Andhra Pradesh, Exhaust Leak; Tire Inspection, Exhaust noise, Exhaust system repair, Hero MotoCorp,2013
299, Ananthapuram, Andhra Pradesh, Fluid Leak; Brake Inspection, Fluid leak, Fluid replacement, Audi,2012
300, Ananthapuram, Andhra Pradesh, Engine Diagnostics; Oil Change, Engine misfire, Diagnostic scan, Volkswagen,2002
301, Ananthapuram, Andhra Pradesh, Suspension Repair; General Maintenance, Steering issues, Suspension adjustment, Tata Motors,2012
302, Ananthapuram, Andhra Pradesh, Tire Rotation; Brake Service, Tire wear, Tire rotation, Kia,2013
303, Ananthapuram, Andhra Pradesh, Brake Fluid Change; Oil Change, Brake fluid leak, Brake fluid replacement, Bajaj Auto,2025
304, Ananthapuram, Andhra Pradesh, Engine Check; Tire Replacement, Tire damage, Tire replacement, Hero MotoCorp,2005
305, Ananthapuram, Andhra Pradesh, Transmission Fluid Change; Diagnostics, Transmission slipping, Transmission fluid change, Hyundai,2024
306, Ananthapuram, Andhra Pradesh, Oil Change; Brake Repair, Brake noise, Brake pad replacement, Renault,2005
307, Ananthapuram, Andhra Pradesh, Fluid Check; General Maintenance, Fluid leak, Fluid replacement, Toyota,2004
308, Ananthapuram, Andhra Pradesh, Engine Overheating; Tune-Up, Engine overheating, Cooling system flush, Ford,2019
309, Ananthapuram, Andhra Pradesh, Tire Alignment; Brake Fluid Change, Misaligned tires, Tire alignment, Kia,2002
310, Ananthapuram, Andhra Pradesh, Exhaust Repair; Oil Change, Exhaust noise, Exhaust system repair, Honda,2009
311, Ananthapuram, Andhra Pradesh, Brake Inspection; Tire Rotation, Brake noise, Brake pad replacement, Bajaj Auto,2005
312, Ananthapuram, Andhra Pradesh, Engine Diagnostics; Oil Change, Check engine light, Diagnostic scan, Nissan,2013
313, Ananthapuram, Andhra Pradesh, Fluid Leak; Tire Replacement, Fluid leak, Fluid replacement, Tata Motors,2002
314, Ananthapuram, Andhra Pradesh, General Maintenance; Engine Repair, Engine roughness, Spark plug replacement, Hyundai,2018
315, Ananthapuram, Andhra Pradesh, Brake Repair; Oil Change, Brake noise, Brake pad replacement, Ford,2010
316, Ananthapuram, Andhra Pradesh, Tire Alignment; Brake Inspection, Misaligned wheels, Wheel alignment, Renault,2001
317, Ananthapuram, Andhra Pradesh, Suspension Repair; Tire Inspection, Steering issues, Suspension adjustment, Kia,2022
318, Ananthapuram, Andhra Pradesh, Exhaust Leak; General Maintenance, Exhaust noise, Exhaust system repair, Hyundai,2019
319, Ananthapuram, Andhra Pradesh, Engine Overheating; Tune-Up, Engine overheating, Cooling system flush, Volkswagen,2018
320, Ananthapuram, Andhra Pradesh, Oil Change; Tire Alignment, Misaligned tires, Tire alignment, Hyundai,2025
321, Ananthapuram, Andhra Pradesh, Brake Repair; Engine Check, Brake noise, Brake pad replacement, Ford,2003
322, Ananthapuram, Andhra Pradesh, Transmission Repair; Oil Change, Slipping transmission, Transmission fluid change, Tata Motors,2014
323, Ananthapuram, Andhra Pradesh, Exhaust Leak; Tire Inspection, Exhaust noise, Exhaust system repair, Hero MotoCorp,2007
324, Ananthapuram, Andhra Pradesh, Fluid Leak; Brake Inspection, Fluid leak, Fluid replacement, Audi,2006
325, Ananthapuram, Andhra Pradesh, Engine Diagnostics; Oil Change, Engine misfire, Diagnostic scan, Volkswagen,2017
326, Ananthapuram, Andhra Pradesh, Suspension Repair; General Maintenance, Steering issues, Suspension adjustment, Tata Motors,2009
327, Ananthapuram, Andhra Pradesh, Tire Rotation; Brake Service, Tire wear, Tire rotation, Kia,2007
328, Ananthapuram, Andhra Pradesh, Brake Fluid Change; Oil Change, Brake fluid leak, Brake fluid replacement, Bajaj Auto,2008
329, Ananthapuram, Andhra Pradesh, Engine Check; Tire Replacement, Tire damage, Tire replacement, Hero MotoCorp,2018
330, Ananthapuram, Andhra Pradesh, Transmission Fluid Change; Diagnostics, Transmission slipping, Transmission fluid change, Hyundai,2022
331, Ananthapuram, Andhra Pradesh, Oil Change; Brake Repair, Brake noise, Brake pad replacement, Renault,2000
332, Ananthapuram, Andhra Pradesh, Fluid Check; General Maintenance, Fluid leak, Fluid replacement, Toyota,2001
333, Ananthapuram, Andhra Pradesh, Engine Overheating; Tune-Up, Engine overheating, Cooling system flush, Ford,2001
334, Ananthapuram, Andhra Pradesh, Tire Alignment; Brake Fluid Change, Misaligned tires, Tire alignment, Kia,2018
335, Ananthapuram, Andhra Pradesh, Exhaust Repair; Oil Change, Exhaust noise, Exhaust system repair, Honda,2010
336, Ananthapuram, Andhra Pradesh, Brake Inspection; Tire Rotation, Brake noise, Brake pad replacement, Bajaj Auto,2020
337, Ananthapuram, Andhra Pradesh, Engine Diagnostics; Oil Change, Check engine light, Diagnostic scan, Nissan,2004
338, Ananthapuram, Andhra Pradesh, Fluid Leak; Tire Replacement, Fluid leak, Fluid replacement, Tata Motors,2007
339, Ananthapuram, Andhra Pradesh, General Maintenance; Engine Repair, Engine roughness, Spark plug replacement, Hyundai,2009
340, Ananthapuram, Andhra Pradesh, Brake Repair; Oil Change, Brake noise, Brake pad replacement, Ford,2018
341, Ananthapuram, Andhra Pradesh, Tire Alignment; Brake Inspection, Misaligned wheels, Wheel alignment, Renault,2007
342, Ananthapuram, Andhra Pradesh, Suspension Repair; Tire Inspection, Steering issues, Suspension adjustment, Kia,2000
343, Ananthapuram, Andhra Pradesh, Exhaust Leak; General Maintenance, Exhaust noise, Exhaust system repair, Hyundai,2015
344, Ananthapuram, Andhra Pradesh, Engine Overheating; Tune-Up, Engine overheating, Cooling system flush, Volkswagen,2004
345, Ananthapuram, Andhra Pradesh, Oil Change; Tire Alignment, Misaligned tires, Tire alignment, Hyundai,2024
346, Ananthapuram, Andhra Pradesh, Brake Repair; Engine Check, Brake noise, Brake pad replacement, Ford,2005
347, Ananthapuram, Andhra Pradesh, Transmission Repair; Oil Change, Slipping transmission, Transmission fluid change, Tata Motors,2011
348, Ananthapuram, Andhra Pradesh, Exhaust Leak; Tire Inspection, Exhaust noise, Exhaust system repair, Hero MotoCorp,2019
349, Ananthapuram, Andhra Pradesh, Fluid Leak; Brake Inspection, Fluid leak, Fluid replacement, Audi,2010
350, Ananthapuram, Andhra Pradesh, Engine Diagnostics; Oil Change, Engine misfire, Diagnostic scan, Volkswagen,2008
351, Ananthapuram, Andhra Pradesh, Suspension Repair; General Maintenance, Steering issues, Suspension adjustment, Tata Motors,2025
352, Ananthapuram, Andhra Pradesh, Tire Rotation; Brake Service, Tire wear, Tire rotation, Kia,2010
353, Ananthapuram, Andhra Pradesh, Brake Fluid Change; Oil Change, Brake fluid leak, Brake fluid replacement, Bajaj Auto,2025
354, Ananthapuram, Andhra Pradesh, Engine Check; Tire Replacement, Tire damage, Tire replacement, Hero MotoCorp,2012
355, Ananthapuram, Andhra Pradesh, Transmission Fluid Change; Diagnostics, Transmission slipping, Transmission fluid change, Hyundai,2006
356, Ananthapuram, Andhra Pradesh, Oil Change; Brake Repair, Brake noise, Brake pad replacement, Renault,2005
357, Ananthapuram, Andhra Pradesh, Fluid Check; General Maintenance, Fluid leak, Fluid replacement, Toyota,2009
358, Ananthapuram, Andhra Pradesh, Engine Overheating; Tune-Up, Engine overheating, Cooling system flush, Ford,2017
359, Ananthapuram, Andhra Pradesh, Tire Alignment; Brake Fluid Change, Misaligned tires, Tire alignment, Kia,2022
360, Ananthapuram, Andhra Pradesh, Exhaust Repair; Oil Change, Exhaust noise, Exhaust system repair, Honda,2001
361, Ananthapuram, Andhra Pradesh, Brake Inspection; Tire Rotation, Brake noise, Brake pad replacement, Bajaj Auto,2004
362, Ananthapuram, Andhra Pradesh, Engine Diagnostics; Oil Change, Check engine light, Diagnostic scan, Nissan,2008
363, Ananthapuram, Andhra Pradesh, Fluid Leak; Tire Replacement, Fluid leak, Fluid replacement, Tata Motors,2024
364, Ananthapuram, Andhra Pradesh, General Maintenance; Engine Repair, Engine roughness, Spark plug replacement, Hyundai,2019
365, Ananthapuram, Andhra Pradesh, Brake Repair; Oil Change, Brake noise, Brake pad replacement, Ford,2014
366, Ananthapuram, Andhra Pradesh, Tire Alignment; Brake Inspection, Misaligned wheels, Wheel alignment, Renault,2012
367, Ananthapuram, Andhra Pradesh, Suspension Repair; Tire Inspection, Steering issues, Suspension adjustment, Kia,2012
368, Ananthapuram, Andhra Pradesh, Exhaust Leak; General Maintenance, Exhaust noise, Exhaust system repair, Hyundai,2020
369, Ananthapuram, Andhra Pradesh, Engine Overheating; Tune-Up, Engine overheating, Cooling system flush, Volkswagen,2019
370, Ananthapuram, Andhra Pradesh, Oil Change; Tire Alignment, Misaligned tires, Tire alignment, Hyundai,2003
371, Ananthapuram, Andhra Pradesh, Brake Repair; Engine Check, Brake noise, Brake pad replacement, Ford,2000
372, Ananthapuram, Andhra Pradesh, Transmission Repair; Oil Change, Slipping transmission, Transmission fluid change, Tata Motors,2016
373, Ananthapuram, Andhra Pradesh, Exhaust Leak; Tire Inspection, Exhaust noise, Exhaust system repair, Hero MotoCorp,2010
374, Ananthapuram, Andhra Pradesh, Fluid Leak; Brake Inspection, Fluid leak, Fluid replacement, Audi,2022
375, Ananthapuram, Andhra Pradesh, Engine Diagnostics; Oil Change, Engine misfire, Diagnostic scan, Volkswagen,2017
376, Ananthapuram, Andhra Pradesh, Suspension Repair; General Maintenance, Steering issues, Suspension adjustment, Tata Motors,2004
377, Ananthapuram, Andhra Pradesh, Tire Rotation; Brake Service, Tire wear, Tire rotation, Kia,2000
378, Ananthapuram, Andhra Pradesh, Brake Fluid Change; Oil Change, Brake fluid leak, Brake fluid replacement, Bajaj Auto,2005
379, Ananthapuram, Andhra Pradesh, Engine Check; Tire Replacement, Tire damage, Tire replacement, Hero MotoCorp,2002
376, Ananthapuram, Andhra Pradesh, Suspension Repair; General Maintenance, Steering issues, Suspension adjustment, Tata Motors,2013
377, Ananthapuram, Andhra Pradesh, Tire Rotation; Brake Service, Tire wear, Tire rotation, Kia,2014
378, Ananthapuram, Andhra Pradesh, Brake Fluid Change; Oil Change, Brake fluid leak, Brake fluid replacement, Bajaj Auto,2017
379, Ananthapuram, Andhra Pradesh, Engine Check; Tire Replacement, Tire damage, Tire replacement, Hero MotoCorp,2004
376, Ananthapuram, Andhra Pradesh, Suspension Repair; General Maintenance, Steering issues, Suspension adjustment, Tata Motors,2000
377, Ananthapuram, Andhra Pradesh, Tire Rotation; Brake Service, Tire wear, Tire rotation, Kia,2022
378, Ananthapuram, Andhra Pradesh, Brake Fluid Change; Oil Change, Brake fluid leak, Brake fluid replacement, Bajaj Auto,2000
379, Ananthapuram, Andhra Pradesh, Engine Check; Tire Replacement, Tire damage, Tire replacement, Hero MotoCorp,2021
380, Ananthapuram, Andhra Pradesh, Battery Check; Oil Change, Battery drainage, Battery replacement, Honda ,2013
381, Ananthapuram, Andhra Pradesh, AC Service; Engine Tune-Up, AC not cooling, AC repair, Maruti Suzuki ,2013
382, Ananthapuram, Andhra Pradesh, Wheel Alignment; Brake Inspection, Misalignment, Wheel alignment, Ford ,2023
383, Ananthapuram, Andhra Pradesh, Fuel Filter Change; Oil Change, Fuel blockage, Fuel filter replacement, Tata Motors ,2012
384, Ananthapuram, Andhra Pradesh, Timing Belt Replacement; Engine Check, Timing issues, Timing belt replacement, Hyundai ,2010
385, Ananthapuram, Andhra Pradesh, Transmission Fluid Change; Brake Service, Gear slipping, Transmission fluid replacement, Nissan ,2009
386, Ananthapuram, Andhra Pradesh, Radiator Flush; Cooling System Check, Overheating, Radiator repair, Chevrolet ,2007
387, Ananthapuram, Andhra Pradesh, Light Replacement; General Maintenance, Flickering lights, Headlight replacement, Suzuki ,2025
388, Ananthapuram, Andhra Pradesh, Exhaust System Repair; Emission Test, Loud exhaust, Exhaust repair, Volkswagen ,2017
389, Ananthapuram, Andhra Pradesh, Oil Filter Change; Tire Rotation, Oil leak, Oil filter replacement, Renault ,2021
390, Ananthapuram, Andhra Pradesh, Spark Plug Replacement; Engine Diagnostics, Poor acceleration, Spark plug replacement, Toyota ,2023
391, Ananthapuram, Andhra Pradesh, Clutch Replacement; Brake Inspection, Sticking clutch, Clutch repair, Mahindra ,2023
392, Ananthapuram, Andhra Pradesh, Fuel Injection Service; Oil Change, Rough idling, Fuel injector cleaning, Bajaj Auto ,2025
393, Ananthapuram, Andhra Pradesh, Windshield Wiper Replacement; General Maintenance, Streaky wipers, Wiper replacement, Ford ,2007
394, Ananthapuram, Andhra Pradesh, Power Steering Fluid Change; Tire Rotation, Hard steering, Power steering service, Honda ,2012
395, Ananthapuram, Andhra Pradesh, Differential Service; Brake Fluid Change, Noise while turning, Differential repair, Kia ,2006
396, Ananthapuram, Andhra Pradesh, Antifreeze Change; Engine Check, Cooling issues, Antifreeze replacement, Hyundai ,2022
397, Ananthapuram, Andhra Pradesh, Serpentine Belt Replacement; General Maintenance, Squeaking noise, Belt replacement, Nissan ,2017
398, Ananthapuram, Andhra Pradesh, Engine Filter Change; Tire Replacement, Decreased power, Engine filter replacement, Tata Motors ,2019
399, Ananthapuram, Andhra Pradesh, Safety Inspection; Brake Service, Warning lights, Inspection service, Chevrolet ,2007
400, Ananthapuram, Andhra Pradesh, Headlight Restoration; Oil Change, Cloudy headlights, Headlight restoration, Suzuki,2016
401, Ananthapuram, Andhra Pradesh, Headlight Restoration; Oil Change, Cloudy headlights, Headlight restoration, Honda City,2002
402, Ananthapuram, Andhra Pradesh, Headlight Restoration; Brake Check, Dim headlights, Headlight restoration, Maruti Swift,2019
403, Ananthapuram, Andhra Pradesh, Headlight Restoration; Tire Rotation, Yellowed headlights, Headlight restoration, Toyota Corolla,2001
404, Ananthapuram, Andhra Pradesh, Headlight Restoration; Oil Change, Scratched headlights, Headlight restoration, Ford EcoSport,2023
405, Ananthapuram, Andhra Pradesh, Headlight Restoration; Battery Replacement, Cloudy headlights, Headlight restoration, Hyundai Verna,2010
406, Ananthapuram, Andhra Pradesh, Headlight Restoration; Engine Tune-Up, Faded headlights, Headlight restoration, Chevrolet Beat,2019
407, Ananthapuram, Andhra Pradesh, Headlight Restoration; Oil Change, Cloudy headlights, Headlight restoration, Tata Nexon,2008
408, Ananthapuram, Andhra Pradesh, Headlight Restoration; Suspension Check, Dull headlights, Headlight restoration, Nissan Micra,2001
409, Ananthapuram, Andhra Pradesh, Headlight Restoration; Tire Alignment, Cloudy headlights, Headlight restoration, Renault Duster,2015
410, Ananthapuram, Andhra Pradesh, Headlight Restoration; Oil Change, Cloudy headlights, Headlight restoration, Mahindra XUV300,2011
411, Ananthapuram, Andhra Pradesh, Headlight Restoration; Oil Change, Cloudy headlights, Headlight restoration, Kia Seltos,2001
412, Ananthapuram, Andhra Pradesh, Headlight Restoration; Brake Check, Dim headlights, Headlight restoration, Tata Tiago,2014
413, Ananthapuram, Andhra Pradesh, Headlight Restoration; Tire Rotation, Yellowed headlights, Headlight restoration, Skoda Rapid,2019
414, Ananthapuram, Andhra Pradesh, Headlight Restoration; Oil Change, Scratched headlights, Headlight restoration, Volkswagen Polo,2006
415, Ananthapuram, Andhra Pradesh, Headlight Restoration; Battery Replacement, Cloudy headlights, Headlight restoration, Nissan Sunny,2021
416, Ananthapuram, Andhra Pradesh, Headlight Restoration; Engine Tune-Up, Faded headlights, Headlight restoration, Honda Jazz,2018
417, Ananthapuram, Andhra Pradesh, Headlight Restoration; Oil Change, Cloudy headlights, Headlight restoration, Ford Figo,2015
418, Ananthapuram, Andhra Pradesh, Headlight Restoration; Suspension Check, Dull headlights, Headlight restoration, Maruti Baleno,2003
419, Ananthapuram, Andhra Pradesh, Headlight Restoration; Tire Alignment, Cloudy headlights, Headlight restoration, Hyundai Creta,2000
420, Ananthapuram, Andhra Pradesh, Headlight Restoration; Oil Change, Cloudy headlights, Headlight restoration, Mahindra Thar,2010
421, Ananthapuram, Andhra Pradesh, Headlight Restoration; Brake Check, Dim headlights, Headlight restoration, Hyundai Elite i20,2019
422, Ananthapuram, Andhra Pradesh, Headlight Restoration; Tire Rotation, Yellowed headlights, Headlight restoration, Tata Harrier,2023
423, Ananthapuram, Andhra Pradesh, Headlight Restoration; Oil Change, Scratched headlights, Headlight restoration, Kia Carnival,2017
424, Ananthapuram, Andhra Pradesh, Headlight Restoration; Battery Replacement, Cloudy headlights, Headlight restoration, Toyota Innova,2011
425, Ananthapuram, Andhra Pradesh, Headlight Restoration; Engine Tune-Up, Faded headlights, Headlight restoration, Skoda Kushaq,2023
426, Ananthapuram, Andhra Pradesh, Headlight Restoration; Oil Change, Cloudy headlights, Headlight restoration, Maruti Suzuki Vitara Brezza,2024
427, Ananthapuram, Andhra Pradesh, Headlight Restoration; Suspension Check, Dull headlights, Headlight restoration, Nissan Magnite,2022
428, Ananthapuram, Andhra Pradesh, Headlight Restoration; Tire Alignment, Cloudy headlights, Headlight restoration, Honda Accord,2022
429, Ananthapuram, Andhra Pradesh, Headlight Restoration; Oil Change, Cloudy headlights, Headlight restoration, MG Hector,2017
430, Ananthapuram, Andhra Pradesh, Headlight Restoration; Oil Change, Cloudy headlights, Headlight restoration, Mahindra Scorpio,2008
431, Ananthapuram, Andhra Pradesh, Headlight Restoration; Brake Check, Dim headlights, Headlight restoration, Tata Safari,2006
432, Ananthapuram, Andhra Pradesh, Headlight Restoration; Tire Rotation, Yellowed headlights, Headlight restoration, Hyundai i20,2003
433, Ananthapuram, Andhra Pradesh, Headlight Restoration; Engine Tune-Up, Faded headlights, Headlight restoration, Honda WR-V,2003
434, Ananthapuram, Andhra Pradesh, Headlight Restoration; Oil Change, Cloudy headlights, Headlight restoration, Maruti Celerio,2023
435, Ananthapuram, Andhra Pradesh, Headlight Restoration; Battery Replacement, Cloudy headlights, Headlight restoration, Renault Captur,2019
436, Ananthapuram, Andhra Pradesh, Headlight Restoration; Suspension Check, Dull headlights, Headlight restoration, Tata Nexon,2013
437, Ananthapuram, Andhra Pradesh, Headlight Restoration; Oil Change, Cloudy headlights, Headlight restoration, Ford EcoSport,2011
438, Ananthapuram, Andhra Pradesh, Headlight Restoration; Brake Check, Dim headlights, Headlight restoration, Mahindra KUV100,2021
439, Ananthapuram, Andhra Pradesh, Headlight Restoration; Tire Rotation, Yellowed headlights, Headlight restoration, Nissan Kicks,2002
440, Ananthapuram, Andhra Pradesh, Headlight Restoration; Engine Tune-Up, Faded headlights, Headlight restoration, Skoda Octavia,2010
441, Ananthapuram, Andhra Pradesh, Headlight Restoration; Oil Change, Cloudy headlights, Headlight restoration, MG Hector Plus,2004
442, Ananthapuram, Andhra Pradesh, Headlight Restoration; Battery Replacement, Cloudy headlights, Headlight restoration, Hyundai Venue,2015
443, Ananthapuram, Andhra Pradesh, Headlight Restoration; Suspension Check, Dull headlights, Headlight restoration,Hyundai,2004
444, Ananthapuram, Andhra Pradesh, Headlight Restoration; Tire Alignment, Cloudy headlights, Headlight restoration, Mahindra Thar,2017
445, Ananthapuram, Andhra Pradesh, Headlight Restoration; Oil Change, Cloudy headlights, Headlight restoration, Ford EcoSport,2006
446, Ananthapuram, Andhra Pradesh, Headlight Restoration; Battery Replacement, Cloudy headlights, Headlight restoration, Renault Duster,2009
447, Ananthapuram, Andhra Pradesh, Headlight Restoration; Engine Tune-Up, Faded headlights, Headlight restoration, Tata Harrier,2018
448, Ananthapuram, Andhra Pradesh, Headlight Restoration; Oil Change, Cloudy headlights, Headlight restoration, Maruti Alto,2017
449, Ananthapuram, Andhra Pradesh, Headlight Restoration; Brake Check, Dim headlights, Headlight restoration, Hyundai Creta,2004
450, Ananthapuram, Andhra Pradesh, Headlight Restoration; Tire Rotation, Yellowed headlights, Headlight restoration, Honda WR-V,2015
451, Ananthapuram, Andhra Pradesh, Headlight Restoration; Oil Change, Scratched headlights, Headlight restoration, Tata Nexon,2021
452, Ananthapuram, Andhra Pradesh, Headlight Restoration; Battery Replacement, Cloudy headlights, Headlight restoration, Ford Figo,2009
453, Ananthapuram, Andhra Pradesh, Headlight Restoration; Engine Tune-Up, Faded headlights, Headlight restoration, Renault Duster,2003
454, Ananthapuram, Andhra Pradesh, Headlight Restoration; Oil Change, Cloudy headlights, Headlight restoration, Mahindra ,2023
455, Ananthapuram, Andhra Pradesh, Headlight Restoration; Brake Check, Dim headlights, Headlight restoration, Maruti Swift,2006
456, Ananthapuram, Andhra Pradesh, Headlight Restoration; Tire Rotation, Yellowed headlights, Headlight restoration, Hyundai i20,2019
457, Ananthapuram, Andhra Pradesh, Headlight Restoration; Suspension Check, Dull headlights, Headlight restoration, Tata Harrier,2013
458, Ananthapuram, Andhra Pradesh, Headlight Restoration; Oil Change, Cloudy headlights, Headlight restoration, Honda City,2003
459, Ananthapuram, Andhra Pradesh, Headlight Restoration; Brake Check, Dim headlights, Headlight restoration, Maruti Baleno,2021
460, Ananthapuram, Andhra Pradesh, Headlight Restoration; Tire Alignment, Cloudy headlights, Headlight restoration, Toyota Yaris,2002
461, Ananthapuram, Andhra Pradesh, Headlight Restoration; Engine Tune-Up, Faded headlights, Headlight restoration, Hyundai Venue,2008
462, Ananthapuram, Andhra Pradesh, Headlight Restoration; Oil Change, Cloudy headlights, Headlight restoration, Nissan Kicks,2017
463, Ananthapuram, Andhra Pradesh, Headlight Restoration; Battery Replacement, Cloudy headlights, Headlight restoration, Tata Nexon,2022
464, Ananthapuram, Andhra Pradesh, Headlight Restoration; Suspension Check, Dull headlights, Headlight restoration, MG Hector,2021
465, Ananthapuram, Andhra Pradesh, Headlight Restoration; Tire Alignment, Cloudy headlights, Headlight restoration, Ford EcoSport,2006
466, Ananthapuram, Andhra Pradesh, Headlight Restoration; Oil Change, Cloudy headlights, Headlight restoration, Renault Captur,2025
467, Ananthapuram, Andhra Pradesh, Headlight Restoration; Brake Check, Dim headlights, Headlight restoration, Skoda Kushaq,2025
468, Ananthapuram, Andhra Pradesh, Headlight Restoration; Tire Rotation, Yellowed headlights, Headlight restoration, Honda Accord,2017
469, Ananthapuram, Andhra Pradesh, Headlight Restoration; Engine Tune-Up, Faded headlights, Headlight restoration, Maruti Vitara Brezza,2025
470, Ananthapuram, Andhra Pradesh, Headlight Restoration; Oil Change, Cloudy headlights, Headlight restoration, Hyundai Creta,2011
471, Ananthapuram, Andhra Pradesh, Headlight Restoration; Battery Replacement, Cloudy headlights, Headlight restoration, Tata Nexon,2024
472, Ananthapuram, Andhra Pradesh, Headlight Restoration; Suspension Check, Dull headlights, Headlight restoration, Ford EcoSport,2000
473, Ananthapuram, Andhra Pradesh, Headlight Restoration; Tire Alignment, Cloudy headlights, Headlight restoration, Nissan Magnite,2023
474, Ananthapuram, Andhra Pradesh, Headlight Restoration; Oil Change, Cloudy headlights, Headlight restoration, Mahindra Thar,2021
475, Ananthapuram, Andhra Pradesh, Headlight Restoration; Brake Check, Dim headlights, Headlight restoration, Toyota Innova,2018
476, Ananthapuram, Andhra Pradesh, Headlight Restoration; Tire Rotation, Yellowed headlights, Headlight restoration, Hyundai Elite i20,2011
477, Ananthapuram, Andhra Pradesh, Headlight Restoration; Engine Tune-Up, Faded headlights, Headlight restoration, Renault Duster,2025
478, Ananthapuram, Andhra Pradesh, Headlight Restoration; Oil Change, Cloudy headlights, Headlight restoration, Tata Harrier,2000
479, Ananthapuram, Andhra Pradesh, Headlight Restoration; Battery Replacement, Cloudy headlights, Headlight restoration, Maruti Swift,2002
480, Ananthapuram, Andhra Pradesh, Headlight Restoration; Suspension Check, Dull headlights, Headlight restoration, Honda WR-V,2010
481, Ananthapuram, Andhra Pradesh, Headlight Restoration; Tire Alignment, Cloudy headlights, Headlight restoration, Ford Figo,2002
482, Ananthapuram, Andhra Pradesh, Headlight Restoration; Oil Change, Cloudy headlights, Headlight restoration, Hyundai Creta,2007
483, Ananthapuram, Andhra Pradesh, Headlight Restoration; Brake Check, Dim headlights, Headlight restoration, MG Hector,2003
484, Ananthapuram, Andhra Pradesh, Headlight Restoration; Tire Rotation, Yellowed headlights, Headlight restoration, Toyota Fortuner,2009
485, Ananthapuram, Andhra Pradesh, Headlight Restoration; Engine Tune-Up, Faded headlights, Headlight restoration, Tata Nexon,2015
486, Ananthapuram, Andhra Pradesh, Headlight Restoration; Oil Change, Cloudy headlights, Headlight restoration, Nissan Kicks,2017
487, Ananthapuram, Andhra Pradesh, Headlight Restoration; Battery Replacement, Cloudy headlights, Headlight restoration, Honda,2005
488, Ananthapuram, Andhra Pradesh, Headlight Restoration; Suspension Check, Dull headlights, Headlight restoration, Mahindra XUV300,2002
489, Ananthapuram, Andhra Pradesh, Headlight Restoration; Tire Alignment, Cloudy headlights, Headlight restoration, Ford EcoSport,2012
490, Ananthapuram, Andhra Pradesh, Headlight Restoration; Oil Change, Cloudy headlights, Headlight restoration, Hyundai Venue,2022
491, Ananthapuram, Andhra Pradesh, Headlight Restoration; Brake Check, Dim headlights, Headlight restoration, Tata Tiago,2012
492, Ananthapuram, Andhra Pradesh, Headlight Restoration; Tire Rotation, Yellowed headlights, Headlight restoration, Renault Captur,2003
493, Ananthapuram, Andhra Pradesh, Headlight Restoration; Engine Tune-Up, Faded headlights, Headlight restoration, Skoda Kushaq,2005
494, Ananthapuram, Andhra Pradesh, Headlight Restoration; Oil Change, Cloudy headlights, Headlight restoration, Maruti Vitara,2024
495, Ananthapuram, Andhra Pradesh, Headlight Restoration; Battery Replacement, Cloudy headlights, Headlight restoration, Toyota Yaris,2021
496, Ananthapuram, Andhra Pradesh, Headlight Restoration; Suspension Check, Dull headlights, Headlight restoration, Hyundai Creta,2005
497, Ananthapuram, Andhra Pradesh, Headlight Restoration; Tire Alignment, Cloudy headlights, Headlight restoration, Tata Nexon,2005
498, Ananthapuram, Andhra Pradesh, Headlight Restoration; Oil Change, Cloudy headlights, Headlight restoration, Mahindra Scorpio,2022
499, Ananthapuram, Andhra Pradesh, Headlight Restoration; Brake Check, Dim headlights, Headlight restoration, Nissan Kicks,2019
500, Ananthapuram, Andhra Pradesh, Headlight Restoration; Tire Rotation, Yellowed headlights, Headlight restoration, Honda Accord,2006
